年月日,證券代號,證券名稱,外資買進股數,外資賣出股數,投信買進股數,投信賣出股數,自營商買進股數,自營商賣出股數,三大法人買賣超股數
2013/03/01,3481,群創            ,21693000,5182859,2092000,0,186000,2044000,16744141
2013/03/01,2384,勝華            ,14665000,3335698,3100000,0,171000,13000,14587302
2013/03/01,2882,國泰金          ,11579900,3361830,1240000,31000,1086000,605000,9908070
2013/03/01,2449,京元電          ,7845000,202000,150000,0,1248000,286000,8755000
2013/03/01,2823,中壽            ,8960000,1429239,350000,0,1055000,777000,8158761
2013/03/01,0061,寶滬深          ,8081000,2100000,0,1550000,9535000,6357000,7609000
2013/03/01,2337,旺宏            ,7995000,1509915,0,0,966000,747000,6704085
2013/03/01,1216,統一            ,9046748,3139000,520000,0,391000,858000,5960748
2013/03/01,2458,義隆            ,1041000,1191010,5636000,461000,817000,650000,5191990
2013/03/01,3698,隆達            ,1997000,159000,2521000,319000,1792000,674000,5158000
2013/03/01,2888,新光金          ,11094000,5716000,0,0,1056000,1625000,4809000
2013/03/01,2311,日月光          ,11772000,8399152,1346000,230000,835000,687000,4636848
2013/03/01,1605,華新            ,5417000,546000,0,0,387000,641000,4617000
2013/03/01,2886,兆豐金          ,7666000,3206000,0,100000,1387000,1186000,4561000
2013/03/01,9904,寶成            ,5785764,2245000,530000,37000,324000,137000,4220764
2013/03/01,2501,國建            ,2814933,441000,1780000,0,0,8000,4145933
2013/03/01,2379,瑞昱            ,3853000,836000,945000,256000,536000,146000,4096000
2013/03/01,2454,聯發科          ,5699000,1971844,153000,35000,298000,378000,3765156
2013/03/01,2885,元大金          ,6091000,2744000,0,320000,862000,440110,3448890
2013/03/01,2409,友達            ,23897000,23727000,688000,0,2556000,310000,3104000
2013/03/01,2603,長榮            ,3658000,1978299,0,658000,1879000,84000,2816701
2013/03/01,2324,仁寶            ,13641000,10564000,0,0,64000,360000,2781000
2013/03/01,2448,晶電            ,2467300,581000,577000,18000,569000,251000,2763300
2013/03/01,1201,味全            ,2143000,50000,30000,22000,549000,86000,2564000
2013/03/01,9945,潤泰新          ,2105000,790000,522000,0,613000,158000,2292000
2013/03/01,2801,彰銀            ,3122000,1453000,0,0,715000,117000,2267000
2013/03/01,3474,華亞科          ,3177000,925000,0,0,0,0,2252000
2013/03/01,6176,瑞儀            ,3531000,1232000,0,315000,104000,28000,2060000
2013/03/01,2847,大眾銀          ,1923000,53000,0,0,221000,82000,2009000
2013/03/01,5871,F-中租          ,5108949,2852000,0,3000,133000,419000,1967949
2013/03/01,6239,力成            ,4684000,2295088,0,600000,80000,69000,1799912
2013/03/01,2498,宏達電          ,4228019,2133221,37000,131000,186000,403003,1783795
2013/03/01,2883,開發金          ,2810000,2988000,121000,0,4638000,2804000,1777000
2013/03/01,9914,美利達          ,2210297,463000,40000,50000,157000,187000,1707297
2013/03/01,2106,建大            ,149318,101000,1151000,0,585000,101000,1683318
2013/03/01,2884,玉山金          ,6719000,5036840,0,0,497000,558000,1621160
2013/03/01,2357,華碩            ,2970864,1354929,285000,273000,66000,166000,1527935
2013/03/01,1476,儒鴻            ,1743271,333000,146000,117080,128000,53812,1513379
2013/03/01,2105,正新            ,2494996,962000,221000,174000,246000,318000,1507996
2013/03/01,2834,臺企銀          ,2105000,646000,0,0,0,55000,1404000
2013/03/01,2912,統一超          ,2126000,837760,124000,0,0,11001,1401239
2013/03/01,1477,聚陽            ,1104000,10000,128000,18000,240000,44000,1400000
2013/03/01,2313,華通            ,3394039,2036000,0,0,20000,53000,1325039
2013/03/01,2892,第一金          ,6434000,3826520,0,1522645,780000,546000,1318835
2013/03/01,3545,敦泰            ,704000,270000,790000,0,50000,0,1274000
2013/03/01,2809,京城銀          ,874000,161000,0,0,594000,54000,1253000
2013/03/01,2002,中鋼            ,11526000,7154000,0,1121000,75000,2085000,1241000
2013/03/01,2499,東貝            ,348000,8000,0,0,1028000,150000,1218000
2013/03/01,2354,鴻準            ,1746000,557454,0,250,50000,96000,1142296
2013/03/01,0050,台灣50          ,109000,323000,0,283000,2544500,920000,1127500
2013/03/01,1504,東元            ,2413000,1530000,225000,0,107000,89000,1126000
2013/03/01,2331,精英            ,72000,35000,0,0,1413000,354000,1096000
2013/03/01,2393,億光            ,884000,214000,0,0,650000,230000,1090000
2013/03/01,2352,佳世達          ,1246000,241000,0,0,0,0,1005000
2013/03/01,2206,三陽            ,841000,45000,0,500,301000,132000,964500
2013/03/01,9933,中鼎            ,1654090,894000,0,0,118000,3000,875090
2013/03/01,0051,中100           ,435000,0,0,0,440000,0,875000
2013/03/01,1440,南紡            ,554000,80000,370000,0,10000,9000,845000
2013/03/01,4108,懷特            ,1272,10000,836000,0,0,0,827272
2013/03/01,2201,裕隆            ,1461000,602000,27000,0,200000,263000,823000
2013/03/01,1582,信錦            ,827000,13000,0,0,0,20000,794000
2013/03/01,2377,微星            ,945500,162000,0,0,10000,0,793500
2013/03/01,3519,綠能            ,822000,20000,0,0,0,18000,784000
2013/03/01,2102,泰豐            ,215170,12000,0,0,570000,0,773170
2013/03/01,2474,可成            ,1210650,348526,100000,160000,79000,159000,722124
2013/03/01,006206,元上證          ,100000,264000,0,0,2600000,1731000,705000
2013/03/01,4532,瑞智            ,235032,35000,435000,0,152000,93000,694032
2013/03/01,3030,德律            ,875000,32000,0,0,12000,162000,693000
2013/03/01,1532,勤美            ,16000,93000,333000,0,548000,119000,685000
2013/03/01,5264,F-鎧勝          ,666000,360000,290000,0,100000,15000,681000
2013/03/01,8078,華寶            ,1434600,791000,0,0,25000,9000,659600
2013/03/01,2204,中華            ,859700,193000,0,0,0,11000,655700
2013/03/01,1907,永豐餘          ,1102000,455000,0,0,0,7000,640000
2013/03/01,2812,台中銀          ,981000,149000,0,0,129000,328000,633000
2013/03/01,6257,矽格            ,649775,185000,269000,290000,300000,120000,623775
2013/03/01,3017,奇鋐            ,633000,16000,0,0,0,0,617000
2013/03/01,2881,富邦金          ,6950000,7407000,1036000,0,852000,816000,615000
2013/03/01,5880,合庫金          ,1942000,1333000,0,0,312000,311000,610000
2013/03/01,2820,華票            ,782366,43000,0,0,82000,229000,592366
2013/03/01,3598,奕力            ,434000,2000,0,0,155000,0,587000
2013/03/01,8422,可寧衛          ,776000,264000,0,0,54000,1000,565000
2013/03/01,8016,矽創            ,263000,22000,267000,0,0,0,508000
2013/03/01,1560,中砂            ,712226,66000,30000,40000,0,130000,506226
2013/03/01,3061,璨圓            ,937000,661000,0,0,567000,352000,491000
2013/03/01,0056,高股息          ,21000,0,0,0,458000,0,479000
2013/03/01,2609,陽明            ,1680000,749000,0,0,100000,556000,475000
2013/03/01,2376,技嘉            ,646100,176000,0,0,0,0,470100
2013/03/01,2315,神達            ,166000,42000,0,0,409000,94000,439000
2013/03/01,6286,立錡            ,333000,39000,174000,0,14000,62000,420000
2013/03/01,6282,康舒            ,543817,15000,0,0,66000,185000,409817
2013/03/01,2014,中鴻            ,190000,96000,0,0,300000,0,394000
2013/03/01,2481,強茂            ,489000,60000,0,0,10000,45000,394000
2013/03/01,2327,國巨            ,1486300,1086000,0,0,2000,9000,393300
2013/03/01,3008,大立光          ,578000,236000,22000,23000,71000,33000,379000
2013/03/01,2887,台新金          ,7949000,7627224,0,0,183000,131000,373776
2013/03/01,1734,杏輝            ,254000,76000,0,0,180000,0,358000
2013/03/01,1535,中宇            ,5000,13000,355000,0,1000,0,348000
2013/03/01,0055,寶金融          ,293000,0,0,400000,446000,0,339000
2013/03/01,2475,華映            ,333000,0,0,0,0,0,333000
2013/03/01,6145,勁永            ,360000,4000,0,0,50000,85000,321000
2013/03/01,2049,上銀            ,1222000,975000,0,58000,152000,34000,307000
2013/03/01,1101,台泥            ,2222000,1850000,114000,271000,544000,455000,304000
2013/03/01,2845,遠東銀          ,793000,495000,0,0,10000,10000,298000
2013/03/01,3035,智原            ,26000,207000,426000,0,63000,21000,287000
2013/03/01,1537,廣隆            ,146000,19000,200000,40000,0,0,287000
2013/03/01,2542,興富發          ,349000,188600,0,0,135000,9000,286400
2013/03/01,9939,宏全            ,417000,376640,0,934,343000,103000,279426
2013/03/01,2889,國票金          ,341000,58000,0,0,0,7000,276000
2013/03/01,1217,愛之味          ,286000,11000,0,0,0,0,275000
2013/03/01,3697,F-晨星          ,719000,579012,382000,0,43000,299000,265988
2013/03/01,3231,緯創            ,9325000,8999850,250000,300000,108000,142000,241150
2013/03/01,2534,宏盛            ,382000,589000,0,0,467000,20000,240000
2013/03/01,6202,盛群            ,77000,20000,150000,0,30000,0,237000
2013/03/01,2545,皇翔            ,389580,239000,0,0,90000,5000,235580
2013/03/01,5234,達興            ,17000,3000,220000,0,0,0,234000
2013/03/01,3673,F-TPK           ,1029000,807198,151000,1000,43000,185000,229802
2013/03/01,2915,潤泰全          ,923000,605000,400000,466000,105000,133000,224000
2013/03/01,2207,和泰車          ,598000,340672,0,0,0,37000,220328
2013/03/01,6005,群益證          ,524000,299000,0,0,0,10000,215000
2013/03/01,5521,工信            ,237000,29000,0,0,0,0,208000
2013/03/01,5388,中磊            ,414844,160000,75000,262000,140000,0,207844
2013/03/01,5522,遠雄            ,360000,182000,0,0,30000,1000,207000
2013/03/01,3376,新日興          ,176000,69000,0,0,109000,18000,198000
2013/03/01,1712,興農            ,205000,9000,0,0,0,0,196000
2013/03/01,6152,百一            ,220000,5000,0,0,0,19000,196000
2013/03/01,2439,美律            ,170000,35000,127000,70000,0,0,192000
2013/03/01,2485,兆赫            ,212000,13000,0,7000,0,0,192000
2013/03/01,8271,宇瞻            ,58000,68000,0,0,200000,0,190000
2013/03/01,1437,勤益控          ,0,4000,192000,0,0,0,188000
2013/03/01,3006,晶豪科          ,112000,37000,0,0,110000,4000,181000
2013/03/01,3419,譁裕            ,90000,1000,0,0,90000,0,179000
2013/03/01,1473,台南            ,277000,4000,0,94000,0,0,179000
2013/03/01,1726,永記            ,32000,18000,127000,0,37000,0,178000
2013/03/01,2837,萬泰銀          ,178000,0,0,0,0,0,178000
2013/03/01,1104,環泥            ,103000,70000,0,0,286000,155000,164000
2013/03/01,6192,巨路            ,45126,3000,120000,0,0,0,162126
2013/03/01,2015,豐興            ,306000,152000,0,0,0,2000,152000
2013/03/01,2428,興勤            ,158000,7000,0,0,0,0,151000
2013/03/01,6142,友勁            ,59000,13000,0,0,100000,0,146000
2013/03/01,2606,裕民            ,490000,343147,0,0,0,2000,144853
2013/03/01,2107,厚生            ,154000,11000,0,0,0,0,143000
2013/03/01,1733,五鼎            ,144000,4000,0,0,0,0,140000
2013/03/01,2905,三商            ,107247,19000,0,0,48000,1000,135247
2013/03/01,1904,正隆            ,272000,138000,0,0,0,0,134000
2013/03/01,2034,允強            ,152000,19000,0,0,0,0,133000
2013/03/01,1611,中電            ,140000,8000,0,0,0,0,132000
2013/03/01,3704,合勤控          ,144000,13000,0,0,0,0,131000
2013/03/01,2340,光磊            ,151000,25000,0,0,4000,0,130000
2013/03/01,5534,長虹            ,188000,222000,0,20000,271000,87000,130000
2013/03/01,3047,訊舟            ,133000,3000,0,0,0,0,130000
2013/03/01,2456,奇力新          ,49000,3000,0,0,80000,0,126000
2013/03/01,2374,佳能            ,204000,78000,0,0,0,0,126000
2013/03/01,6251,定穎            ,132000,7000,0,0,0,0,125000
2013/03/01,2911,麗嬰房          ,0,16000,139000,0,0,0,123000
2013/03/01,2430,燦坤            ,187000,67000,0,0,0,0,120000
2013/03/01,9938,百和            ,123000,6000,0,0,0,0,117000
2013/03/01,2328,廣宇            ,225300,100000,0,0,15000,24000,116300
2013/03/01,3014,聯陽            ,174000,58000,0,0,0,0,116000
2013/03/01,9105,泰金寶          ,113000,0,0,0,0,0,113000
2013/03/01,2385,群光            ,1912030,2369000,526000,0,121000,78000,112030
2013/03/01,4906,正文            ,28244,214000,30000,0,271000,6000,109244
2013/03/01,1313,聯成            ,130000,22000,0,0,0,0,108000
2013/03/01,910861,神州            ,127000,0,0,20000,0,0,107000
2013/03/01,2421,建準            ,112000,5000,0,0,0,0,107000
2013/03/01,3443,創意            ,71000,66000,80000,0,94000,72000,107000
2013/03/01,1702,南僑            ,24000,28000,110000,0,0,0,106000
2013/03/01,4942,嘉彰            ,109000,6000,0,0,0,0,103000
2013/03/01,3149,正達            ,73000,122000,155000,0,18000,21000,103000
2013/03/01,006204,豐臺灣          ,0,0,0,0,122000,20000,102000
2013/03/01,6197,佳必琪          ,120000,18000,0,0,0,0,102000
2013/03/01,1513,中興電          ,114000,12000,0,0,0,0,102000
2013/03/01,2457,飛宏            ,140000,41000,0,0,0,0,99000
2013/03/01,6285,啟??            ,436000,14000,0,255494,23000,91000,98506
2013/03/01,01008T,駿馬R1          ,100000,3000,0,0,0,0,97000
2013/03/01,2227,裕日車          ,70000,7000,70000,31000,0,9000,93000
2013/03/01,1711,永光            ,10000,26000,0,0,109000,0,93000
2013/03/01,2524,京城            ,71000,24000,0,0,45000,0,92000
2013/03/01,1612,宏泰            ,96000,7000,0,0,0,0,89000
2013/03/01,2312,金寶            ,126000,39000,0,0,0,0,87000
2013/03/01,9136,巨騰            ,563000,72000,0,200000,6000,212000,85000
2013/03/01,4306,炎洲            ,92115,10000,0,0,0,0,82115
2013/03/01,2451,創見            ,146000,62000,0,1000,0,1000,82000
2013/03/01,2426,鼎元            ,110000,27000,0,0,2000,4000,81000
2013/03/01,2440,太空梭          ,83000,3000,0,0,0,0,80000
2013/03/01,2345,智邦            ,104000,24000,0,0,0,0,80000
2013/03/01,3607,谷崧            ,89000,35000,10000,0,15000,0,79000
2013/03/01,6206,飛捷            ,47000,3000,0,0,35000,0,79000
2013/03/01,6213,聯茂            ,167000,88000,0,0,0,0,79000
2013/03/01,9151,旺旺            ,77000,0,0,0,0,0,77000
2013/03/01,1472,三洋紡          ,79000,1000,0,0,0,1000,77000
2013/03/01,1720,生達            ,93000,17000,0,0,0,0,76000
2013/03/01,2832,台產            ,72000,8000,0,0,10000,0,74000
2013/03/01,1718,中纖            ,134000,60000,0,0,0,0,74000
2013/03/01,2368,金像電          ,106000,32000,0,0,0,0,74000
2013/03/01,2402,毅嘉            ,142000,68000,0,0,0,0,74000
2013/03/01,2355,敬鵬            ,210063,17000,0,0,6000,130000,69063
2013/03/01,9917,中保            ,215000,142371,0,0,0,5000,67629
2013/03/01,2013,中鋼構          ,19000,4000,0,0,50000,0,65000
2013/03/01,3022,威強電          ,83000,20000,0,0,2000,0,65000
2013/03/01,2420,新巨            ,67000,3000,0,0,0,0,64000
2013/03/01,2417,圓剛            ,71000,7000,0,0,0,0,64000
2013/03/01,3605,宏致            ,70000,7000,0,0,0,0,63000
2013/03/01,3579,尚志            ,67000,4000,0,0,0,0,63000
2013/03/01,9802,F-鈺齊          ,74000,2000,0,10000,0,0,62000
2013/03/01,1714,和桐            ,81000,19000,0,0,0,0,62000
2013/03/01,2367,燿華            ,78000,16000,0,0,0,0,62000
2013/03/01,2538,基泰            ,305000,243000,0,0,0,0,62000
2013/03/01,1310,台苯            ,60000,0,0,0,0,0,60000
2013/03/01,2607,榮運            ,62624,36000,0,0,235000,202000,59624
2013/03/01,2404,漢唐            ,68000,9000,0,0,0,0,59000
2013/03/01,1709,和益            ,68914,10000,0,0,0,0,58914
2013/03/01,5531,鄉林            ,89000,32000,0,0,0,0,57000
2013/03/01,1447,力鵬            ,13055,8000,0,0,50000,0,55055
2013/03/01,2723,F-美食          ,72000,18000,0,0,0,0,54000
2013/03/01,3056,總太            ,52000,2000,0,0,0,0,50000
2013/03/01,2833,台壽保          ,222000,151000,0,0,0,22000,49000
2013/03/01,2027,大成鋼          ,76000,28000,0,0,0,0,48000
2013/03/01,3050,鈺德            ,53000,5000,0,0,0,0,48000
2013/03/01,2492,華新科          ,69000,22000,0,0,0,0,47000
2013/03/01,2841,台開            ,63000,17000,0,0,0,0,46000
2013/03/01,4106,雃博            ,116000,71000,0,0,0,0,45000
2013/03/01,4414,如興            ,46000,1000,0,0,0,0,45000
2013/03/01,3533,嘉澤            ,53478,9000,0,0,0,0,44478
2013/03/01,2850,新產            ,51000,7000,0,0,0,0,44000
2013/03/01,1227,佳格            ,725000,130000,0,581000,54000,25000,43000
2013/03/01,1909,榮成            ,60000,17000,0,0,0,0,43000
2013/03/01,2495,普安            ,59000,16000,0,0,0,1000,42000
2013/03/01,3305,昇貿            ,44000,2000,0,0,0,0,42000
2013/03/01,2029,盛餘            ,53000,12000,0,0,0,0,41000
2013/03/01,1416,廣豐            ,16000,11000,0,0,37000,1000,41000
2013/03/01,2707,晶華            ,78000,18000,0,21700,1000,0,39300
2013/03/01,3049,和鑫            ,89000,53000,0,0,8000,5000,39000
2013/03/01,5434,崇越            ,69000,55000,25000,0,0,0,39000
2013/03/01,3559,全智科          ,40000,2000,0,0,0,0,38000
2013/03/01,1410,南染            ,39000,1000,0,0,0,0,38000
2013/03/01,3026,禾伸堂          ,35000,7000,0,0,10000,0,38000
2013/03/01,2208,台船            ,56000,18000,0,0,0,0,38000
2013/03/01,0057,FB摩台          ,38000,0,0,0,0,0,38000
2013/03/01,2369,菱生            ,18517,22000,41000,0,0,0,37517
2013/03/01,2406,國碩            ,70345,55000,0,0,20000,0,35345
2013/03/01,5608,四維航          ,43000,8000,0,0,0,0,35000
2013/03/01,1234,黑松            ,22000,34000,0,0,50000,3000,35000
2013/03/01,8103,瀚荃            ,23000,6000,0,0,18000,0,35000
2013/03/01,9910,豐泰            ,49000,15000,0,0,0,0,34000
2013/03/01,3040,遠見            ,43000,11000,0,0,1000,0,33000
2013/03/01,1717,長興            ,333000,297000,0,0,0,3000,33000
2013/03/01,5515,建國            ,40000,7000,0,0,0,0,33000
2013/03/01,9908,大台北          ,45000,12000,0,0,0,0,33000
2013/03/01,3057,喬鼎            ,35000,2000,0,0,0,0,33000
2013/03/01,5533,皇鼎            ,38000,5000,0,0,0,0,33000
2013/03/01,2017,官田鋼          ,42000,10000,0,0,0,0,32000
2013/03/01,2856,元富證          ,61000,29000,0,0,0,0,32000
2013/03/01,3584,介面            ,33000,2000,0,0,0,0,31000
2013/03/01,3591,艾笛森          ,37000,5000,0,0,0,1000,31000
2013/03/01,2516,新建            ,35000,5000,0,0,0,0,30000
2013/03/01,1729,必翔            ,69000,40000,0,0,0,0,29000
2013/03/01,2329,華泰            ,47000,18000,0,0,0,0,29000
2013/03/01,4976,佳凌            ,7000,4000,0,0,25000,0,28000
2013/03/01,9905,大華            ,44000,16000,0,0,0,0,28000
2013/03/01,0059,FB金融          ,53000,0,0,0,0,25000,28000
2013/03/01,3015,全漢            ,33000,5000,0,0,0,0,28000
2013/03/01,2022,聚亨            ,37000,9000,0,0,0,0,28000
2013/03/01,8110,華東            ,40000,12000,0,0,0,0,28000
2013/03/01,5471,松翰            ,39000,12000,0,0,0,0,27000
2013/03/01,9927,泰銘            ,32000,5000,0,0,0,0,27000
2013/03/01,3031,佰鴻            ,31000,5000,0,0,0,0,26000
2013/03/01,2505,國揚            ,77000,8000,0,0,0,43000,26000
2013/03/01,1609,大亞            ,38000,13000,0,0,0,0,25000
2013/03/01,2338,光罩            ,31000,6000,0,0,0,0,25000
2013/03/01,2836,高雄銀          ,40000,16000,0,0,0,0,24000
2013/03/01,6108,競國            ,27000,4000,0,0,0,0,23000
2013/03/01,1808,潤隆            ,27000,4000,0,0,0,0,23000
2013/03/01,3406,玉晶光          ,23000,2000,0,0,10000,8000,23000
2013/03/01,8210,勤誠            ,27000,5000,0,0,0,0,22000
2013/03/01,6168,宏齊            ,26000,4000,0,0,0,0,22000
2013/03/01,910708,?琱j健          ,22000,0,0,0,0,0,22000
2013/03/01,913889,大成糖          ,21000,0,0,0,0,0,21000
2013/03/01,3046,建??            ,26000,5000,0,0,1000,1000,21000
2013/03/01,3090,日電貿          ,22000,2000,0,0,0,0,20000
2013/03/01,2851,中再保          ,31000,12000,0,0,0,0,19000
2013/03/01,1536,和大            ,27000,8000,0,0,0,0,19000
2013/03/01,5607,遠雄港          ,24000,5000,0,0,0,0,19000
2013/03/01,3380,明泰            ,38000,19000,0,0,0,0,19000
2013/03/01,1108,幸福            ,26000,8000,0,0,0,0,18000
2013/03/01,8926,台汽電          ,44000,56000,0,0,30000,0,18000
2013/03/01,8081,致新            ,52000,25000,0,9000,0,0,18000
2013/03/01,2484,希華            ,27000,9000,0,0,0,0,18000
2013/03/01,2030,彰源            ,26000,9000,0,0,0,0,17000
2013/03/01,2405,浩鑫            ,21000,4000,0,0,0,0,17000
2013/03/01,1608,華榮            ,31000,14000,0,0,0,0,17000
2013/03/01,3011,今皓            ,17000,2000,0,0,0,0,15000
2013/03/01,3501,維熹            ,17000,2000,0,0,0,0,15000
2013/03/01,2543,皇昌            ,26000,11000,0,0,0,0,15000
2013/03/01,9924,福興            ,13000,4000,0,0,5000,0,14000
2013/03/01,1503,士電            ,56000,42000,0,0,0,0,14000
2013/03/01,1701,中化            ,161000,147000,0,0,0,0,14000
2013/03/01,3016,嘉晶            ,15000,1000,0,0,0,0,14000
2013/03/01,1603,華電            ,20000,7000,0,0,0,0,13000
2013/03/01,6139,亞翔            ,17000,4000,0,0,0,0,13000
2013/03/01,1538,正峰新          ,18000,5000,0,0,0,0,13000
2013/03/01,2108,南帝            ,27000,14000,0,0,0,0,13000
2013/03/01,4733,上緯            ,17000,4000,0,0,0,0,13000
2013/03/01,1471,首利            ,35000,22000,0,0,0,0,13000
2013/03/01,3003,健和興          ,16000,4000,0,0,0,0,12000
2013/03/01,4722,國精化          ,13000,1000,0,0,0,0,12000
2013/03/01,9934,成霖            ,18000,6000,0,0,0,0,12000
2013/03/01,2351,順德            ,2000,40000,50000,0,0,0,12000
2013/03/01,1902,台紙            ,27000,16000,0,0,1000,0,12000
2013/03/01,5525,順天            ,22000,11000,0,0,0,0,11000
2013/03/01,2007,燁興            ,26000,15000,0,0,0,0,11000
2013/03/01,2527,宏璟            ,18000,7000,0,0,0,0,11000
2013/03/01,2365,昆盈            ,17000,6000,0,0,0,0,11000
2013/03/01,8249,菱光            ,13000,2000,0,0,0,0,11000
2013/03/01,3383,新世紀          ,38000,27000,0,0,0,0,11000
2013/03/01,6209,今國光          ,45057,112000,0,23000,100000,0,10057
2013/03/01,911602,華豐泰          ,10000,0,0,0,0,0,10000
2013/03/01,1809,中釉            ,14000,4000,0,0,0,0,10000
2013/03/01,6136,富爾特          ,12000,2000,0,0,0,0,10000
2013/03/01,3454,晶睿            ,9000,9000,0,30000,40000,0,10000
2013/03/01,9937,全國            ,29000,19000,0,0,0,0,10000
2013/03/01,911868,同方友          ,10000,0,0,0,0,0,10000
2013/03/01,1442,名軒            ,5000,140000,0,0,150000,5000,10000
2013/03/01,6183,關貿            ,15000,5000,0,0,0,0,10000
2013/03/01,2536,宏普            ,355000,346000,0,0,0,0,9000
2013/03/01,3356,奇偶            ,29000,10000,0,0,0,10000,9000
2013/03/01,1218,泰山            ,37000,28000,0,0,0,0,9000
2013/03/01,3617,碩天            ,18000,9000,0,0,0,0,9000
2013/03/01,1435,中福            ,12000,3000,0,0,0,0,9000
2013/03/01,6277,宏正            ,13000,4000,0,0,0,0,9000
2013/03/01,911610,聯環            ,33000,24000,0,0,0,0,9000
2013/03/01,0053,寶電子          ,8000,0,0,0,0,0,8000
2013/03/01,0052,FB科技          ,6000,0,0,0,2000,0,8000
2013/03/01,1604,聲寶            ,8000,0,0,0,0,0,8000
2013/03/01,5007,三星            ,13000,5000,0,0,0,0,8000
2013/03/01,2453,凌群            ,18000,10000,0,0,0,0,8000
2013/03/01,0054,台商50          ,8000,0,0,0,0,0,8000
2013/03/01,2114,鑫永銓          ,10000,1000,0,1000,0,0,8000
2013/03/01,6112,聚碩            ,9000,1000,0,0,0,0,8000
2013/03/01,1414,東和            ,13000,5000,0,0,0,0,8000
2013/03/01,2705,六福            ,44000,36000,0,0,0,0,8000
2013/03/01,8163,達方            ,19000,11000,0,0,0,0,8000
2013/03/01,3588,通嘉            ,9000,1000,0,0,0,0,8000
2013/03/01,3679,新至陞          ,9000,2000,0,0,0,0,7000
2013/03/01,01004T,富邦R2          ,7000,0,0,0,0,0,7000
2013/03/01,1309,台達化          ,20000,13000,0,0,0,0,7000
2013/03/01,3029,零壹            ,8000,1000,0,0,0,0,7000
2013/03/01,2359,所羅門          ,11000,4000,0,0,0,0,7000
2013/03/01,3550,聯穎            ,9000,2000,0,0,0,0,7000
2013/03/01,1773,勝一            ,28000,3000,0,0,0,19000,6000
2013/03/01,2397,友通            ,9000,3000,0,0,0,0,6000
2013/03/01,911201,僑威控          ,6000,0,0,0,0,0,6000
2013/03/01,3573,穎台            ,25000,19000,0,0,0,0,6000
2013/03/01,6702,興航            ,20000,14000,0,0,0,0,6000
2013/03/01,3494,誠研            ,8000,2000,0,0,0,0,6000
2013/03/01,006208,FB台50          ,0,0,0,0,29000,23000,6000
2013/03/01,2399,映泰            ,15000,9000,0,0,0,0,6000
2013/03/01,6235,華孚            ,10000,3000,0,0,0,1000,6000
2013/03/01,2462,良得電          ,6000,1000,0,0,0,0,5000
2013/03/01,5269,祥碩            ,8000,3000,0,0,0,0,5000
2013/03/01,1316,上曜            ,6000,1000,0,0,0,0,5000
2013/03/01,3062,建漢            ,24000,20000,0,0,1000,0,5000
2013/03/01,8112,至上            ,19000,14000,0,0,0,0,5000
2013/03/01,2476,鉅祥            ,10000,5000,0,0,0,0,5000
2013/03/01,01007T,國泰R2          ,5000,0,0,0,0,0,5000
2013/03/01,3694,海華            ,7000,2000,0,0,0,0,5000
2013/03/01,8213,志超            ,101591,272000,0,90000,268000,3000,4591
2013/03/01,1507,永大            ,861157,856000,0,0,0,1000,4157
2013/03/01,3315,宣昶            ,4000,1000,0,0,1000,0,4000
2013/03/01,8114,振樺電          ,5000,1000,0,0,0,0,4000
2013/03/01,3645,達邁            ,8000,4000,0,0,0,0,4000
2013/03/01,1515,力山            ,8000,4000,0,0,1000,1000,4000
2013/03/01,911608,明輝            ,4000,0,0,0,0,0,4000
2013/03/01,1724,台硝            ,7000,3000,0,0,0,0,4000
2013/03/01,8261,富鼎            ,9000,5000,0,0,0,0,4000
2013/03/01,3027,盛達            ,6000,2000,0,0,0,0,4000
2013/03/01,3599,旺能            ,11000,7000,0,0,0,0,4000
2013/03/01,3048,益登            ,7000,4000,0,0,0,0,3000
2013/03/01,2062,橋椿            ,7000,4000,0,0,0,0,3000
2013/03/01,9157,陽光能          ,3000,0,0,0,0,0,3000
2013/03/01,1731,美吾華          ,7000,4000,0,0,0,0,3000
2013/03/01,9919,康那香          ,7000,4000,0,0,0,0,3000
2013/03/01,2437,旺詮            ,4000,1000,0,0,0,0,3000
2013/03/01,2431,聯昌            ,4000,2000,0,0,0,0,2000
2013/03/01,2702,華園            ,3000,1000,0,0,0,0,2000
2013/03/01,2617,台航            ,12000,10000,0,0,0,0,2000
2013/03/01,01003T,新光R1          ,7000,5000,0,0,0,0,2000
2013/03/01,006203,寶摩臺          ,2000,0,0,0,0,0,2000
2013/03/01,910801,金衛            ,12000,10000,0,0,0,0,2000
2013/03/01,1445,大宇            ,4000,2000,0,0,0,0,2000
2013/03/01,2471,資通            ,2000,0,0,0,0,0,2000
2013/03/01,1527,鑽全            ,17000,15000,0,0,0,0,2000
2013/03/01,2537,聯上發          ,5000,3000,0,0,0,0,2000
2013/03/01,6165,捷泰            ,3000,1000,0,0,1000,1000,2000
2013/03/01,3257,虹冠電          ,2000,0,0,0,0,0,2000
2013/03/01,4144,F-康聯          ,7000,5000,0,0,0,0,2000
2013/03/01,9955,佳龍            ,4000,2000,0,0,0,0,2000
2013/03/01,1525,江申            ,6000,4000,0,0,0,0,2000
2013/03/01,8072,陞泰            ,4000,2000,0,0,0,0,2000
2013/03/01,2482,連宇            ,1000,0,0,0,0,0,1000
2013/03/01,3515,華擎            ,3000,2000,0,0,0,0,1000
2013/03/01,1526,日馳            ,1000,0,0,0,0,0,1000
2013/03/01,1454,台富            ,5000,4000,0,0,0,0,1000
2013/03/01,1466,聚隆            ,2000,1000,0,0,0,0,1000
2013/03/01,006207,FH滬深          ,116000,0,0,0,480000,595000,1000
2013/03/01,1213,大飲            ,1000,0,0,0,0,0,1000
2013/03/01,1465,偉全            ,2000,1000,0,0,0,0,1000
2013/03/01,4984,F-科納          ,4000,3000,0,0,0,0,1000
2013/03/01,8374,羅昇            ,11000,10000,0,0,0,0,1000
2013/03/01,2466,冠西電          ,3000,2000,0,0,0,0,1000
2013/03/01,2231,為升            ,2000,1000,0,0,0,0,1000
2013/03/01,4104,佳醫            ,2000,2000,0,0,0,0,0
2013/03/01,01002T,國泰R1          ,2000,2000,0,0,0,0,0
2013/03/01,1730,花仙子          ,1000,1000,0,0,0,0,0
2013/03/01,2901,欣欣            ,1000,1000,0,0,0,0,0
2013/03/01,2358,廷鑫            ,7000,7000,0,0,0,0,0
2013/03/01,1810,和成            ,8000,8000,0,0,0,0,0
2013/03/01,911611,中泰山          ,2000,2000,0,0,0,0,0
2013/03/01,9902,台火            ,1000,1000,0,0,0,0,0
2013/03/01,2480,敦陽科          ,2000,2000,0,0,0,0,0
2013/03/01,4737,華廣            ,2000,2000,0,0,0,0,0
2013/03/01,8131,福懋科          ,10000,10000,0,0,0,0,0
2013/03/01,2816,旺旺保          ,8000,8000,0,0,0,0,0
2013/03/01,3032,偉訓            ,0,1000,0,0,0,0,-1000
2013/03/01,1533,車王電          ,1000,2000,0,0,0,0,-1000
2013/03/01,3130,一零四          ,0,1000,0,0,0,0,-1000
2013/03/01,8940,新天地          ,0,1000,0,0,0,0,-1000
2013/03/01,3535,晶彩科          ,0,1000,0,0,0,0,-1000
2013/03/01,9912,偉聯            ,0,1000,0,0,0,0,-1000
2013/03/01,1735,日勝化          ,0,1000,0,0,0,0,-1000
2013/03/01,6205,詮欣            ,0,1000,0,0,0,0,-1000
2013/03/01,1470,大統染          ,0,1000,0,0,0,0,-1000
2013/03/01,6201,亞弘電          ,0,1000,0,0,0,0,-1000
2013/03/01,2468,華經            ,0,1000,0,0,0,0,-1000
2013/03/01,2488,漢平            ,0,1000,0,0,0,0,-1000
2013/03/01,2415,錩新            ,0,1000,0,0,0,0,-1000
2013/03/01,1325,恆大            ,0,1000,0,0,0,0,-1000
2013/03/01,2613,中櫃            ,0,1000,0,0,0,0,-1000
2013/03/01,3432,台端            ,0,1000,0,0,0,0,-1000
2013/03/01,6226,光鼎            ,0,1000,0,0,0,0,-1000
2013/03/01,1324,地球            ,0,1000,0,0,0,0,-1000
2013/03/01,1539,巨庭            ,0,1000,0,0,0,0,-1000
2013/03/01,1323,永裕            ,0,1000,0,0,0,0,-1000
2013/03/01,2423,固緯            ,1000,2000,0,0,0,0,-1000
2013/03/01,1441,大東            ,0,1000,0,0,0,0,-1000
2013/03/01,6243,迅杰            ,0,1000,0,0,0,0,-1000
2013/03/01,3669,圓展            ,0,1000,0,0,0,0,-1000
2013/03/01,3308,聯德            ,0,1000,0,0,0,0,-1000
2013/03/01,1235,興泰            ,0,1000,0,0,0,0,-1000
2013/03/01,2528,皇普            ,0,1000,0,0,0,0,-1000
2013/03/01,6215,和椿            ,0,1000,0,0,0,0,-1000
2013/03/01,1203,味王            ,4000,5000,0,0,0,0,-1000
2013/03/01,1517,利奇            ,4000,5000,0,0,0,0,-1000
2013/03/01,9931,欣高            ,0,1000,0,0,0,0,-1000
2013/03/01,1419,新紡            ,16000,17000,0,0,0,0,-1000
2013/03/01,9944,新麗            ,0,1000,0,0,0,0,-1000
2013/03/01,3054,立萬利          ,0,1000,0,0,0,0,-1000
2013/03/01,3312,弘憶股          ,0,1000,0,0,0,0,-1000
2013/03/01,6128,上福            ,0,1000,0,0,0,0,-1000
2013/03/01,2465,麗臺            ,1000,2000,0,0,0,0,-1000
2013/03/01,2442,新美齊          ,6000,7000,0,0,0,0,-1000
2013/03/01,1439,中和            ,0,1000,0,0,0,0,-1000
2013/03/01,2722,夏都            ,0,1000,0,0,0,0,-1000
2013/03/01,8201,無敵            ,0,1000,0,0,0,0,-1000
2013/03/01,0058,FB發達          ,0,0,0,0,0,1000,-1000
2013/03/01,2444,友旺            ,1000,2000,0,0,0,0,-1000
2013/03/01,6131,悠克            ,1000,2000,0,0,0,0,-1000
2013/03/01,1805,寶徠            ,0,1000,0,0,0,0,-1000
2013/03/01,6216,居易            ,0,1000,0,0,0,0,-1000
2013/03/01,6117,迎廣            ,0,1000,0,0,0,0,-1000
2013/03/01,1339,昭輝            ,0,1000,0,0,0,0,-1000
2013/03/01,1530,亞崴            ,1000,2000,0,0,0,0,-1000
2013/03/01,1541,錩泰            ,0,1000,0,0,0,0,-1000
2013/03/01,2413,環科            ,0,2000,0,0,0,0,-2000
2013/03/01,1236,宏亞            ,0,2000,0,0,0,0,-2000
2013/03/01,5225,F-東科          ,0,2000,0,0,0,0,-2000
2013/03/01,4952,凌通            ,0,2000,0,0,0,0,-2000
2013/03/01,6189,豐藝            ,14000,16000,0,0,0,0,-2000
2013/03/01,3055,蔚華科          ,0,2000,0,0,0,0,-2000
2013/03/01,4426,利勤            ,0,2000,0,0,0,0,-2000
2013/03/01,8404,F-百和          ,3000,5000,0,0,0,0,-2000
2013/03/01,1615,大山            ,0,2000,0,0,0,0,-2000
2013/03/01,2010,春源            ,12000,14000,0,0,0,0,-2000
2013/03/01,6605,帝寶            ,21000,18000,0,0,0,5000,-2000
2013/03/01,2427,三商電          ,7000,9000,0,0,0,0,-2000
2013/03/01,1528,恩德            ,0,2000,0,0,0,0,-2000
2013/03/01,6184,大豐電          ,0,2000,0,0,0,0,-2000
2013/03/01,8411,F-福貞          ,0,2000,0,0,0,0,-2000
2013/03/01,2910,統領            ,0,2000,0,0,0,0,-2000
2013/03/01,1452,宏益            ,0,2000,0,0,0,0,-2000
2013/03/01,1474,弘裕            ,0,2000,0,0,0,0,-2000
2013/03/01,6120,達運            ,36000,38000,0,0,0,0,-2000
2013/03/01,1583,程泰            ,0,2000,0,0,0,0,-2000
2013/03/01,2434,統懋            ,0,2000,0,0,0,0,-2000
2013/03/01,2546,根基            ,0,2000,0,0,0,0,-2000
2013/03/01,1233,天仁            ,0,2000,0,0,0,0,-2000
2013/03/01,3593,力銘            ,0,2000,0,0,0,0,-2000
2013/03/01,2342,茂矽            ,12000,12000,0,0,0,2000,-2000
2013/03/01,1469,理隆            ,0,2000,0,0,0,0,-2000
2013/03/01,2597,潤弘            ,2000,4000,0,0,0,0,-2000
2013/03/01,3701,大眾控          ,0,2000,0,0,0,0,-2000
2013/03/01,2616,山隆            ,0,2000,0,0,0,0,-2000
2013/03/01,2032,新鋼            ,0,2000,0,0,0,0,-2000
2013/03/01,3557,嘉威            ,0,2000,0,0,0,0,-2000
2013/03/01,2020,美亞            ,4000,6000,0,0,0,0,-2000
2013/03/01,6141,柏承            ,0,2000,0,0,0,0,-2000
2013/03/01,1315,達新            ,11000,13000,0,0,0,0,-2000
2013/03/01,1453,大將            ,0,2000,0,0,0,0,-2000
2013/03/01,1540,喬福            ,5000,7000,0,0,0,0,-2000
2013/03/01,1617,榮星            ,1000,3000,0,0,0,0,-2000
2013/03/01,1418,東華            ,0,2000,0,0,0,0,-2000
2013/03/01,3004,豐達科          ,4000,7000,0,0,0,0,-3000
2013/03/01,8070,長華            ,1000,4000,0,0,0,0,-3000
2013/03/01,1736,喬山            ,3000,6000,0,0,0,0,-3000
2013/03/01,3164,景岳            ,0,3000,0,0,0,0,-3000
2013/03/01,5215,F-科嘉          ,2000,5000,0,0,0,0,-3000
2013/03/01,2364,倫飛            ,0,3000,0,0,0,0,-3000
2013/03/01,1443,立益            ,0,3000,0,0,0,0,-3000
2013/03/01,3536,誠創            ,0,3000,0,0,0,0,-3000
2013/03/01,1906,寶隆            ,0,3000,0,0,0,0,-3000
2013/03/01,9926,新海            ,0,3000,0,0,0,0,-3000
2013/03/01,2436,偉詮電          ,2000,5000,0,0,0,0,-3000
2013/03/01,2467,志聖            ,0,13000,0,0,10000,0,-3000
2013/03/01,2464,盟立            ,17000,20000,0,0,0,0,-3000
2013/03/01,2472,立隆電          ,0,3000,0,0,0,0,-3000
2013/03/01,2302,麗正            ,0,3000,0,0,0,0,-3000
2013/03/01,6133,金橋            ,0,3000,0,0,0,0,-3000
2013/03/01,3653,健策            ,5034,9000,0,0,0,0,-3966
2013/03/01,2611,志信            ,0,4000,0,0,0,0,-4000
2013/03/01,1713,國化            ,0,4000,0,0,0,0,-4000
2013/03/01,9110,越南控          ,24000,28000,0,0,0,0,-4000
2013/03/01,2305,全友            ,0,4000,0,0,0,0,-4000
2013/03/01,2460,建通            ,0,4000,0,0,0,0,-4000
2013/03/01,1506,正道            ,0,4000,0,0,0,0,-4000
2013/03/01,2496,卓越            ,0,4000,0,0,0,0,-4000
2013/03/01,9918,欣天然          ,0,4000,0,0,0,0,-4000
2013/03/01,1468,昶和            ,0,4000,0,0,0,0,-4000
2013/03/01,9958,世紀鋼          ,3000,7000,0,0,0,0,-4000
2013/03/01,4956,光鋐            ,0,4000,0,0,0,0,-4000
2013/03/01,2904,匯僑            ,1000,5000,0,0,0,0,-4000
2013/03/01,1725,元禎            ,0,4000,0,0,0,0,-4000
2013/03/01,1220,台榮            ,0,4000,0,0,0,0,-4000
2013/03/01,3052,夆典            ,0,4000,0,0,0,0,-4000
2013/03/01,1613,台一            ,0,4000,0,0,0,0,-4000
2013/03/01,1589,F-永冠          ,2000,6000,0,0,0,0,-4000
2013/03/01,6155,鈞寶            ,0,4000,0,0,0,0,-4000
2013/03/01,1423,利華            ,0,4000,0,0,0,0,-4000
2013/03/01,2425,承啟            ,19000,23000,0,0,0,0,-4000
2013/03/01,912398,友佳            ,0,4000,0,0,0,0,-4000
2013/03/01,1531,高林股          ,0,4000,0,0,0,0,-4000
2013/03/01,6166,凌華            ,3000,7000,0,0,0,0,-4000
2013/03/01,2539,櫻花建          ,0,4000,0,0,0,0,-4000
2013/03/01,1413,宏洲            ,0,4000,0,0,0,0,-4000
2013/03/01,2459,敦吉            ,1000,5000,0,0,0,0,-4000
2013/03/01,2401,凌陽            ,11000,13000,0,2000,0,0,-4000
2013/03/01,1231,聯華食          ,0,4000,0,0,0,0,-4000
2013/03/01,2906,高林            ,0,5000,0,0,0,0,-5000
2013/03/01,3025,星通            ,0,5000,0,0,0,0,-5000
2013/03/01,2477,美隆電          ,0,5000,0,0,0,0,-5000
2013/03/01,3094,聯傑            ,0,5000,0,0,0,0,-5000
2013/03/01,3051,力特            ,0,5000,0,0,0,0,-5000
2013/03/01,9929,秋雨            ,0,5000,0,0,1000,1000,-5000
2013/03/01,1464,得力            ,0,5000,0,0,0,0,-5000
2013/03/01,2009,第一銅          ,2000,7000,0,0,0,0,-5000
2013/03/01,1301,台塑            ,4756000,4324000,49000,440000,66000,112000,-5000
2013/03/01,2478,大毅            ,0,5000,0,0,0,0,-5000
2013/03/01,2608,大榮            ,16574,19000,0,0,0,3000,-5426
2013/03/01,2530,華建            ,0,6000,0,0,0,0,-6000
2013/03/01,1616,億泰            ,0,6000,0,0,0,0,-6000
2013/03/01,2852,第一保          ,0,6000,0,0,0,0,-6000
2013/03/01,2038,海光            ,0,6000,0,0,0,0,-6000
2013/03/01,2443,新利虹          ,0,6000,0,0,0,0,-6000
2013/03/01,1614,三洋電          ,2000,8000,0,0,0,0,-6000
2013/03/01,3024,憶聲            ,1000,7000,0,0,0,0,-6000
2013/03/01,1109,信大            ,4000,10000,0,0,0,0,-6000
2013/03/01,3028,增你強          ,15000,21000,0,0,0,0,-6000
2013/03/01,1219,福壽            ,0,6000,0,0,0,0,-6000
2013/03/01,2727,王品            ,1248,3000,15000,20000,1000,1000,-6752
2013/03/01,1522,堤維西          ,0,7000,0,0,0,0,-7000
2013/03/01,3518,柏騰            ,3000,10000,0,0,0,0,-7000
2013/03/01,8033,雷虎            ,0,7000,0,0,0,0,-7000
2013/03/01,1459,聯發            ,0,7000,0,0,0,0,-7000
2013/03/01,8021,尖點            ,0,7000,0,0,0,0,-7000
2013/03/01,3703,欣陸            ,13000,20000,0,0,0,0,-7000
2013/03/01,2316,楠梓電          ,0,7000,0,0,0,0,-7000
2013/03/01,1307,三芳            ,0,7000,0,0,0,0,-7000
2013/03/01,1338,F-廣華          ,0,7000,0,0,0,0,-7000
2013/03/01,2028,威致            ,0,7000,0,0,0,0,-7000
2013/03/01,3296,勝德            ,14000,22000,0,0,0,0,-8000
2013/03/01,2701,萬企            ,0,8000,0,0,0,0,-8000
2013/03/01,2387,精元            ,0,8000,0,0,0,0,-8000
2013/03/01,2509,全坤建          ,0,8000,0,0,0,0,-8000
2013/03/01,1524,耿鼎            ,0,8000,0,0,0,0,-8000
2013/03/01,2380,虹光            ,0,8000,0,0,0,1000,-9000
2013/03/01,1721,三晃            ,2000,11000,0,0,0,0,-9000
2013/03/01,3002,歐格            ,0,9000,0,0,0,0,-9000
2013/03/01,1417,嘉裕            ,0,9000,0,0,0,0,-9000
2013/03/01,3229,晟鈦            ,0,9000,0,0,0,0,-9000
2013/03/01,2109,華豐            ,0,9000,0,0,0,0,-9000
2013/03/01,2033,佳大            ,1000,10000,0,0,0,0,-9000
2013/03/01,9930,中聯資          ,20000,79000,50000,0,0,0,-9000
2013/03/01,1446,宏和            ,3000,12000,0,0,0,0,-9000
2013/03/01,1727,中華化          ,4000,13000,0,0,0,0,-9000
2013/03/01,3038,全台            ,18000,29000,0,0,1000,0,-10000
2013/03/01,1110,東泥            ,3000,13000,0,0,0,0,-10000
2013/03/01,1455,集盛            ,6000,16000,0,0,0,0,-10000
2013/03/01,2031,新光鋼          ,0,10000,0,0,0,0,-10000
2013/03/01,4526,東台            ,0,10000,0,0,0,0,-10000
2013/03/01,910948,融達            ,0,10000,0,0,0,0,-10000
2013/03/01,9935,慶豐富          ,12000,22000,0,0,0,0,-10000
2013/03/01,2838,聯邦銀          ,76000,86000,0,0,0,0,-10000
2013/03/01,3010,華立            ,235000,245000,0,0,0,0,-10000
2013/03/01,1436,華友聯          ,1000,11000,0,0,0,0,-10000
2013/03/01,8011,台通            ,0,10000,0,0,0,0,-10000
2013/03/01,8427,F-基勝          ,0,2000,0,8000,0,0,-10000
2013/03/01,4141,F-龍燈          ,2000,12250,0,0,0,0,-10250
2013/03/01,3209,全科            ,2000,13000,0,0,0,0,-11000
2013/03/01,1519,華城            ,2000,13000,0,0,0,0,-11000
2013/03/01,2388,威盛            ,0,11000,0,0,0,0,-11000
2013/03/01,6224,聚鼎            ,13000,24000,0,0,0,0,-11000
2013/03/01,2373,震旦行          ,10000,22000,0,0,0,0,-12000
2013/03/01,1229,聯華            ,17000,29000,0,0,0,0,-12000
2013/03/01,2414,精技            ,6000,18000,0,0,0,0,-12000
2013/03/01,9943,好樂迪          ,1739,14000,0,0,0,0,-12261
2013/03/01,5484,慧友            ,0,11000,0,0,0,2000,-13000
2013/03/01,6196,帆宣            ,26000,39000,0,0,0,0,-13000
2013/03/01,1432,大魯閣          ,12000,25000,0,0,0,0,-13000
2013/03/01,4164,承業醫          ,2000,15000,0,0,0,0,-13000
2013/03/01,911626,MSH             ,0,13000,0,0,0,0,-13000
2013/03/01,1903,士紙            ,1000,15000,0,0,0,0,-14000
2013/03/01,3665,F-貿聯          ,0,14000,0,0,0,0,-14000
2013/03/01,3532,台勝科          ,4000,18000,0,0,0,0,-14000
2013/03/01,1806,冠軍            ,6000,20000,0,0,0,0,-14000
2013/03/01,1723,中碳            ,46000,58000,0,0,0,3000,-15000
2013/03/01,9906,欣巴巴          ,13000,28000,0,0,0,0,-15000
2013/03/01,4725,信昌化          ,43000,9000,0,0,2000,51000,-15000
2013/03/01,4142,國光生          ,1000,17000,0,0,0,0,-16000
2013/03/01,3686,達能            ,0,16000,0,0,0,0,-16000
2013/03/01,2535,達欣工          ,19000,5000,0,0,0,30000,-16000
2013/03/01,2375,智寶            ,1000,18000,0,0,2000,2000,-17000
2013/03/01,2433,互盛電          ,13000,30000,0,0,0,0,-17000
2013/03/01,2612,中航            ,5000,7000,0,15000,0,0,-17000
2013/03/01,4934,太極            ,0,16000,0,0,0,2000,-18000
2013/03/01,1737,臺鹽            ,7000,25000,0,0,0,0,-18000
2013/03/01,8105,凌巨            ,147000,16000,0,150000,0,0,-19000
2013/03/01,3033,威健            ,41000,9000,0,0,0,52000,-20000
2013/03/01,1215,卜蜂            ,0,20000,0,0,0,0,-20000
2013/03/01,2012,春雨            ,0,20000,0,0,0,0,-20000
2013/03/01,2455,全新            ,18000,38400,0,1000,1000,0,-20400
2013/03/01,9942,茂順            ,8000,39000,10000,0,0,0,-21000
2013/03/01,1514,亞力            ,0,22000,0,0,0,0,-22000
2013/03/01,2461,光群雷          ,0,23000,0,0,0,0,-23000
2013/03/01,6115,鎰勝            ,10000,33000,0,0,0,0,-23000
2013/03/01,3450,聯鈞            ,88000,8000,0,244000,140000,0,-24000
2013/03/01,1463,強盛            ,17000,42000,0,0,0,0,-25000
2013/03/01,2025,千興            ,0,25000,0,0,0,0,-25000
2013/03/01,1321,大洋            ,6000,32000,0,0,0,0,-26000
2013/03/01,3504,揚明光          ,35000,62000,0,0,0,0,-27000
2013/03/01,2506,太設            ,43000,71000,0,0,0,0,-28000
2013/03/01,8215,明基材          ,0,28000,0,0,0,0,-28000
2013/03/01,3705,永信            ,6000,34000,0,0,0,0,-28000
2013/03/01,6278,台表科          ,95000,9005,0,148000,89000,55000,-28005
2013/03/01,4930,燦星網          ,35000,163607,100000,0,0,0,-28607
2013/03/01,1512,瑞利            ,0,29400,0,0,0,0,-29400
2013/03/01,2908,特力            ,93000,13000,0,110000,0,0,-30000
2013/03/01,2548,華固            ,222000,244000,41000,52000,21000,19000,-31000
2013/03/01,3043,科風            ,1000,33000,0,0,0,0,-32000
2013/03/01,2637,F-慧洋          ,30000,12000,0,0,0,50000,-32000
2013/03/01,3013,晟銘電          ,0,33000,0,0,0,0,-33000
2013/03/01,1232,大統益          ,0,33000,0,0,0,0,-33000
2013/03/01,6281,全國電          ,72000,106000,0,0,0,0,-34000
2013/03/01,1308,亞聚            ,69000,112000,0,0,10000,3000,-36000
2013/03/01,1225,福懋油          ,0,6000,0,30000,0,0,-36000
2013/03/01,6271,同欣電          ,232000,35000,0,273000,158000,118000,-36000
2013/03/01,6191,精成科          ,24000,60848,0,0,0,0,-36848
2013/03/01,2493,揚博            ,1000,38000,0,0,0,0,-37000
2013/03/01,2363,矽統            ,9000,47000,0,0,0,0,-38000
2013/03/01,6214,精誠            ,16000,55000,0,0,0,0,-39000
2013/03/01,5706,鳳凰            ,64000,37000,0,66000,0,0,-39000
2013/03/01,1103,嘉泥            ,64121,103298,0,0,0,0,-39177
2013/03/01,8429,F-金麗          ,0,9000,0,0,0,32000,-41000
2013/03/01,910579,歐聖            ,50000,91000,0,0,0,0,-41000
2013/03/01,4915,致伸            ,2000,43000,0,0,0,0,-41000
2013/03/01,2923,F-鼎固          ,3000,40000,0,0,7000,12000,-42000
2013/03/01,1521,大億            ,5000,6000,0,42000,0,0,-43000
2013/03/01,3638,F-IML           ,29000,62000,0,50000,40000,0,-43000
2013/03/01,1789,神隆            ,163000,59000,0,265000,204000,86000,-43000
2013/03/01,911609,揚子江          ,34000,78000,0,0,0,0,-44000
2013/03/01,1457,宜進            ,11000,6000,0,0,0,51000,-46000
2013/03/01,1451,年興            ,17000,64000,0,0,0,0,-47000
2013/03/01,3023,信邦            ,19000,66000,0,0,0,0,-47000
2013/03/01,4746,台耀            ,7000,7000,0,50000,0,0,-50000
2013/03/01,1444,力麗            ,80000,130000,0,0,0,0,-50000
2013/03/01,2390,云辰            ,20000,70000,0,0,0,0,-50000
2013/03/01,911616,杜康            ,121000,173000,0,0,0,0,-52000
2013/03/01,2849,安泰銀          ,15000,68000,0,0,0,0,-53000
2013/03/01,9921,巨大            ,538800,590000,0,0,0,2000,-53200
2013/03/01,2706,第一店          ,10000,65000,0,0,0,0,-55000
2013/03/01,3042,晶技            ,507000,22000,0,562000,80000,61000,-58000
2013/03/01,2059,川湖            ,10000,23000,0,45000,3000,3000,-58000
2013/03/01,2867,三商壽          ,0,26000,56000,0,0,90000,-60000
2013/03/01,3058,立德            ,8000,69000,0,0,0,0,-61000
2013/03/01,4119,旭富            ,10000,5000,0,67000,0,0,-62000
2013/03/01,1460,宏遠            ,4000,11000,0,0,0,56000,-63000
2013/03/01,911612,滬安            ,12000,47000,0,0,0,30000,-65000
2013/03/01,0015,富邦            ,0,66000,0,0,0,0,-66000
2013/03/01,2704,國賓            ,119000,60000,0,123000,2000,6000,-68000
2013/03/01,9941,裕融            ,3382,112000,57000,0,99000,117000,-69618
2013/03/01,2614,東森            ,4000,74000,0,0,0,0,-70000
2013/03/01,1590,F-亞德          ,142000,217000,0,0,0,1000,-76000
2013/03/01,5203,訊連            ,86000,9000,0,164000,10000,0,-77000
2013/03/01,6164,華興            ,3000,82000,0,0,0,0,-79000
2013/03/01,5907,F-大洋          ,4000,23000,0,60000,0,0,-79000
2013/03/01,2104,中橡            ,93000,81000,0,108000,189000,174000,-81000
2013/03/01,8046,南電            ,119021,188000,0,10330,0,6000,-85309
2013/03/01,1409,新纖            ,15000,54000,0,0,0,47000,-86000
2013/03/01,2486,一詮            ,129000,216000,0,0,0,0,-87000
2013/03/01,3041,揚智            ,87000,329000,0,0,286000,135000,-91000
2013/03/01,3561,昇陽科          ,0,91000,0,0,0,0,-91000
2013/03/01,9940,信義            ,35000,17000,0,0,0,113000,-95000
2013/03/01,1707,葡萄王          ,208000,211000,30000,115000,9000,19000,-98000
2013/03/01,4935,F-茂林          ,5000,104000,0,0,0,0,-99000
2013/03/01,1467,南緯            ,0,99000,0,0,0,0,-99000
2013/03/01,1762,中化生          ,33000,10000,0,124000,0,0,-101000
2013/03/01,2605,新興            ,59000,24000,0,139000,0,0,-104000
2013/03/01,2419,仲琦            ,1000,126000,0,0,20000,0,-105000
2013/03/01,2349,錸德            ,182000,288000,0,0,0,0,-106000
2013/03/01,4133,亞諾法          ,1000,12000,0,96000,0,0,-107000
2013/03/01,1210,大成            ,61000,152000,0,20000,3000,0,-108000
2013/03/01,6289,華上            ,56000,165000,0,0,0,0,-109000
2013/03/01,2913,農林            ,219000,16000,0,0,29000,341000,-109000
2013/03/01,2450,神腦            ,20000,5000,0,122000,10000,12000,-109000
2013/03/01,5305,敦南            ,6000,116000,0,0,0,0,-110000
2013/03/01,2483,百容            ,0,113000,0,0,0,0,-113000
2013/03/01,1715,萬洲            ,2000,43000,0,0,0,72000,-113000
2013/03/01,2441,超豐            ,13000,128000,0,0,0,0,-115000
2013/03/01,9925,新保            ,3000,119000,0,0,0,0,-116000
2013/03/01,2362,藍天            ,212000,175000,0,7000,20000,168000,-118000
2013/03/01,6283,淳安            ,7000,132000,0,0,0,1000,-126000
2013/03/01,3576,新日光          ,66000,197000,0,0,0,0,-131000
2013/03/01,3596,智易            ,68000,40000,100000,290000,30000,0,-132000
2013/03/01,1708,東鹼            ,11000,151000,0,0,0,0,-140000
2013/03/01,1802,台玻            ,721000,865370,0,0,6000,10000,-148370
2013/03/01,1337,F-再生          ,4715,18000,0,126455,0,10000,-149740
2013/03/01,1326,台化            ,3643000,3542000,0,153000,23000,132000,-161000
2013/03/01,1434,福懋            ,613000,300000,0,478000,0,7000,-172000
2013/03/01,2101,南港            ,82455,272000,0,0,23000,23000,-189545
2013/03/01,2489,瑞軒            ,853478,947000,0,0,8000,111000,-196522
2013/03/01,6153,嘉聯益          ,104000,42000,0,177000,10000,94000,-199000
2013/03/01,3019,亞光            ,71000,271000,0,0,0,0,-200000
2013/03/01,3311,閎暉            ,7000,343000,0,36000,256000,90000,-206000
2013/03/01,3059,華晶科          ,33000,246000,0,0,0,0,-213000
2013/03/01,2023,燁輝            ,90000,259000,0,0,0,51000,-220000
2013/03/01,2497,怡利電          ,27000,14000,0,213000,0,22000,-222000
2013/03/01,2024,志聯            ,0,226000,0,0,1000,1000,-226000
2013/03/01,6116,彩晶            ,99000,327000,0,0,0,0,-228000
2013/03/01,1618,合機            ,24000,255000,0,0,0,0,-231000
2013/03/01,9907,統一實          ,505000,779000,0,0,30000,5000,-249000
2013/03/01,2855,統一證          ,245000,499000,0,0,0,4000,-258000
2013/03/01,2601,益航            ,87000,379000,0,0,20000,0,-272000
2013/03/01,5469,瀚宇博          ,8892,282000,0,0,0,0,-273108
2013/03/01,4919,新唐            ,68372,342077,0,0,0,0,-273705
2013/03/01,2383,台光電          ,37000,182000,0,0,0,139000,-284000
2013/03/01,2301,光寶科          ,5956000,6249070,0,0,32000,27000,-288070
2013/03/01,1102,亞泥            ,2903000,3069000,0,0,13000,139000,-292000
2013/03/01,1319,東陽            ,135616,438000,0,0,0,0,-302384
2013/03/01,2615,萬海            ,746000,746000,0,250465,0,56000,-306465
2013/03/01,3622,洋華            ,49000,374000,0,0,19000,2000,-308000
2013/03/01,1905,華紙            ,0,321668,0,0,0,0,-321668
2013/03/01,1704,榮化            ,111000,452000,0,0,0,2000,-343000
2013/03/01,2360,致茂            ,1081000,1415000,0,12000,0,1000,-347000
2013/03/01,1304,台聚            ,30000,318000,0,0,0,59000,-347000
2013/03/01,3036,文曄            ,214000,547000,0,1000,0,15689,-349689
2013/03/01,5906,F-台南          ,4000,359000,0,0,0,0,-355000
2013/03/01,2392,正崴            ,346000,702000,0,0,3000,4000,-357000
2013/03/01,1710,東聯            ,555000,406000,135000,430000,24000,247000,-369000
2013/03/01,3514,昱晶            ,31000,359000,0,0,244000,309000,-393000
2013/03/01,3060,銘異            ,15000,69000,0,0,48000,394000,-400000
2013/03/01,8101,華冠            ,5000,277000,0,150000,0,0,-422000
2013/03/01,9911,櫻花            ,20000,446000,0,0,0,0,-426000
2013/03/01,2006,東鋼            ,230000,329000,0,339000,3000,6000,-441000
2013/03/01,2514,龍邦            ,46857,146000,0,0,252000,608000,-455143
2013/03/01,2332,友訊            ,677000,1098000,0,0,18000,59000,-462000
2013/03/01,6505,台塑化          ,1331000,1526000,0,260000,0,20000,-475000
2013/03/01,910322,康師傅          ,26000,538000,0,0,0,0,-512000
2013/03/01,8039,台虹            ,52000,81000,0,478000,0,8000,-515000
2013/03/01,2891,中信金          ,4860000,6156195,3000000,2756592,1028000,497000,-521787
2013/03/01,4958,F-臻鼎          ,99000,398000,0,200000,12000,78000,-565000
2013/03/01,2103,台橡            ,462000,1014143,0,0,0,26000,-578143
2013/03/01,2395,研華            ,1538000,1887000,0,271000,109000,70000,-581000
2013/03/01,4960,奇美材          ,16000,377000,0,234000,141000,214000,-668000
2013/03/01,2308,台達電          ,2015000,2731167,0,146000,207000,40000,-695167
2013/03/01,3005,神基            ,249000,160000,0,0,0,806000,-717000
2013/03/01,2356,英業達          ,2757000,3497000,0,0,0,35000,-775000
2013/03/01,6269,台郡            ,88263,689000,0,177000,61000,61000,-777737
2013/03/01,6230,超眾            ,140000,584000,377000,781000,74000,16000,-790000
2013/03/01,3189,景碩            ,916000,1654000,0,359000,226000,28000,-899000
2013/03/01,2511,太子            ,962000,2668000,483000,0,343000,26000,-906000
2013/03/01,1303,南亞            ,7207000,6403000,0,1660000,73000,137000,-920000
2013/03/01,3037,欣興            ,608000,1557000,0,0,92000,116000,-973000
2013/03/01,2610,華航            ,3089000,1777000,0,2400000,481000,392000,-999000
2013/03/01,2382,廣達            ,2481000,3711000,0,130000,391000,43000,-1012000
2013/03/01,3034,聯詠            ,1728000,3194293,563000,12000,128000,231000,-1018293
2013/03/01,2325,矽品            ,8481500,9653000,315000,400000,91000,90000,-1255500
2013/03/01,2347,聯強            ,1143804,2468055,0,0,100000,36000,-1260251
2013/03/01,2323,中環            ,317060,1551000,0,0,398000,429000,-1264940
2013/03/01,2547,日勝生          ,688000,532000,0,1076000,338000,685000,-1267000
2013/03/01,1312,國喬            ,90027,446000,0,1000000,152000,69000,-1272973
2013/03/01,2890,永豐金          ,7660000,8469000,847000,508000,1150000,2024000,-1344000
2013/03/01,3044,健鼎            ,1028000,2224118,108000,481000,175000,8000,-1402118
2013/03/01,1402,遠東新          ,1152000,1375000,269000,1329000,42000,174000,-1415000
2013/03/01,006205,FB上証          ,200000,1600000,0,613000,3648000,3051000,-1416000
2013/03/01,2504,國產            ,47000,102000,0,1200000,10000,206000,-1451000
2013/03/01,3045,台灣大          ,2592000,3859000,0,486000,3000,24000,-1774000
2013/03/01,8008,建興電          ,372000,2407853,0,0,150000,2000,-1887853
2013/03/01,1314,中石化          ,765835,2799067,0,0,751000,691000,-1973232
2013/03/01,2880,華南金          ,1454000,3751000,0,0,261000,125000,-2161000
2013/03/01,3702,大聯大          ,2334000,4669000,0,0,38000,78000,-2375000
2013/03/01,1722,台肥            ,979000,3305000,0,84000,9000,10000,-2411000
2013/03/01,2515,中工            ,38000,179000,0,1885000,94000,494000,-2426000
2013/03/01,2520,冠德            ,24000,1005000,0,950000,163000,851000,-2619000
2013/03/01,2353,宏??            ,3428000,4807000,251000,377000,741000,2061000,-2825000
2013/03/01,1305,華夏            ,40000,1863000,0,1028000,0,0,-2851000
2013/03/01,2371,大同            ,392263,3280000,0,0,0,1000,-2888737
2013/03/01,4904,遠傳            ,2287375,4807015,40000,500000,25000,89000,-3043640
2013/03/01,2412,中華電          ,3345000,5972180,0,642000,16000,99000,-3352180
2013/03/01,2903,遠百            ,1506000,4543000,0,326275,70000,80000,-3373275
2013/03/01,4938,和碩            ,3504000,4944067,30000,2416000,278000,161000,-3709067
2013/03/01,2344,華邦電          ,612000,4733000,0,0,0,12000,-4133000
2013/03/01,2618,長榮航          ,1359000,4585000,405000,1600000,385000,363000,-4399000
2013/03/01,2330,台積電          ,24173500,27303560,0,1408000,1118000,1309000,-4729060
2013/03/01,2303,聯電            ,9613432,17866000,0,142000,224000,536000,-8706568
2013/03/01,2317,鴻海            ,15121000,22444625,0,2200100,929000,643000,-9237725
